nom;commune
Avenue de la Gare;Albigny-sur-Saône
Avenue des Avoraux;Albigny-sur-Saône
Avenue Gabriel Péri;Albigny-sur-Saône
Avenue Henri Barbusse;Albigny-sur-Saône
Chemin des Carrières;Albigny-sur-Saône
Chemin des Chasseurs;Albigny-sur-Saône
Chemin des Combes;Albigny-sur-Saône
Chemin des Gorges;Albigny-sur-Saône
Chemin des Regards;Albigny-sur-Saône
Chemin du Tison;Albigny-sur-Saône
Chemin du Trou du Chat;Albigny-sur-Saône
Chemin Notre-Dame;Albigny-sur-Saône
Chemin Saint Jacques;Albigny-sur-Saône
Montée de Bel Air;Albigny-sur-Saône
Montée du Chanoine Roullet;Albigny-sur-Saône
Montée du Père Camus;Albigny-sur-Saône
Montée du Vieux Château;Albigny-sur-Saône
Place de la Gare;Albigny-sur-Saône
Place Verdun;Albigny-sur-Saône
Quai de Villevert;Albigny-sur-Saône
Quai Général de Gaulle;Albigny-sur-Saône
Route des Monts d'Or;Albigny-sur-Saône
Chemin de Grolles;Albigny-sur-Saône
Rue des Maraîchers;Albigny-sur-Saône
Rue Etienne Richerand;Albigny-sur-Saône
Rue Germain;Albigny-sur-Saône
Rue Jean Chirat;Albigny-sur-Saône
Rue Joseph Chollet;Albigny-sur-Saône
Rue Lefèbvre;Albigny-sur-Saône
Rue Pasteur;Albigny-sur-Saône
Allée de Verdun;Bron
Allée des Platanes;Bron
Allée du Grand Cèdre;Bron
Allée Gaillard Romanet;Bron
Avenue Camille Rousset;Bron
Avenue d'Annonay;Bron
Avenue de l'Aviation;Bron
Avenue de la Grande Armée;Bron
Avenue de la République;Bron
Avenue des Colonnes;Bron
Avenue des Combattants;Bron
Avenue des Sports;Bron
Avenue du Doyen Jean Lépine;Bron
Avenue du Bois;Bron
Avenue du Château;Bron
Avenue du 8 Mai 1945;Bron
Avenue Edouard Herriot;Bron
Avenue Ferdinand Buisson;Bron
Avenue Franklin Roosevelt;Bron
Avenue Galliéni;Bron
Avenue Jules Mas;Bron
Avenue Louis Mouillard;Bron
Avenue Maréchal de Lattre de Tassigny;Bron
Avenue Pasteur;Bron
Avenue Pierre Brossolette;Bron
Avenue Pierre Mendès France;Bron
Avenue du Président Salvador Allende;Bron
Avenue Saint-Exupéry;Bron
Avenue Victor Hugo;Bron
Boulevard Pinel;Bron
Chemin des Balmes;Bron
Chemin des Bornes;Bron
Chemin des Chasseurs;Bron
Chemin des Quantines;Bron
Chemin Vieux;Bron
Chemin de la Gentine;Bron
Chemin de la Vie Guerse;Bron
Impasse Bel Air;Bron
Impasse Bernard Vallot;Bron
Impasse Callemard;Bron
Impasse Chapuis;Bron
Impasse de l'Araignée;Bron
Impasse de la Corderie;Bron
Impasse de la Gaîté;Bron
Impasse des Coquelicots;Bron
Impasse des Muguets;Bron
Impasse Ferdinand Buisson;Bron
Impasse Henri;Bron
Impasse Kimmerling;Bron
Impasse Lafontaine;Bron
Impasse Marie;Bron
Impasse Pont;Bron
Impasse René;Bron
Montée des Charmilles;Bron
Passage Verdier Nord;Bron
Passage Verdier Sud;Bron
Place Baptiste Curial;Bron
Place de la Libération;Bron
Place de la Liberté;Bron
Place du 11 Novembre 1918;Bron
Place Gaillard Romanet;Bron
Place Jean Moulin;Bron
Place Kimmerling;Bron
Rond-Point Henri Barbusse;Bron
Rond-Point Charles de Gaulle;Bron
Route de Genas;Bron
Rue Alexandre Vial;Bron
Rue Ampère;Bron
Rue André Boulloche;Bron
Rue André Hermann;Bron
Rue Armanet;Bron
Rue Bernard Vallot;Bron
Rue Blanche;Bron
Rue Bouchet;Bron
Rue Carnot;Bron
Rue Charles Boeuf;Bron
Rue Christian Lacouture;Bron
Rue Claude Bador;Bron
Rue Claude Delaigue;Bron
Rue Georges Clémenceau;Bron
Rue Clément Ader;Bron
Rue Collomb;Bron
Rue Cortelain;Bron
Rue d'Alsace;Bron
Rue Alsace-Lorraine;Bron
Rue de l'Armistice;Bron
Rue des Aubépins;Bron
Rue de l'Economie;Bron
Rue de l'Eglantine;Bron
Rue de l'Humanité;Bron
Rue de l'Industrie;Bron
Rue de la Batterie;Bron
Rue de la Butte;Bron
Rue de la Maison Forte;Bron
Rue de la Maisonnée;Bron
Rue de la Marne;Bron
Rue de la Pagère;Bron
Rue de la Paix;Bron
Rue de la Perle;Bron
Rue de la Radue;Bron
Rue de la Tour Pointue;Bron
Rue de Lessivas;Bron
Rue de Montferrat;Bron
Rue de Prévieux;Bron
Rue de Rebufer;Bron
Rue de Reims;Bron
Rue de Solesmes;Bron
Rue de Verdun;Bron
Rue Denis Diderot;Bron
Rue des Bleuets;Bron
Rue des Bruyères;Bron
Rue des Castors;Bron
Rue des Communaux;Bron
Rue des Cyclamens;Bron
Rue des Deux Fermes;Bron
Rue des Epis;Bron
Rue des Essarts;Bron
Rue des Fleurs;Bron
Rue des Genêts;Bron
Rue des Glycines;Bron
Rue des Guillandes;Bron
Rue des Iris;Bron
Rue des Myosotis;Bron
Rue des Paquerettes;Bron
Rue des Roses;Bron
Rue des Sycomores;Bron
Rue du Chêne;Bron
Rue Colonel Chambonnet;Bron
Rue Docteur Charles Faguin;Bron
Rue du Mas de la Forêt;Bron
Rue du 11 Novembre 1918;Bron
Rue du Poilu;Bron
Rue du Progrès;Bron
Rue du Quartier Neuf;Bron
Rue du Rafour;Bron
Rue du Square;Bron
Rue du Stade;Bron
Rue du Vallon;Bron
Rue du Verdier;Bron
Rue du 19 Mars 1962;Bron
Rue Edgar Quinet;Bron
Rue Elie Métral;Bron
Rue Elsa Triolet;Bron
Rue Emile Bender;Bron
Rue Emile Bressat;Bron
Rue Emile Chaze;Bron
Rue Emile Vial;Bron
Rue Eugène Guillemin;Bron
Rue François Merlin;Bron
Rue Gérard Philipe;Bron
Rue Guillermin;Bron
Rue Guynemer;Bron
Rue Hector Berlioz;Bron
Rue Hélène Boucher;Bron
Rue Henri Teissier;Bron
Rue Jacques Daligand;Bron
Rue Jean Bouin;Bron
Rue Jean Jaurès;Bron
Rue Jean Lacroix;Bron
Rue Jean Voillot;Bron
Rue Jeanne Collay;Bron
Rue Jules Védrines;Bron
Rue Jules Verne;Bron
Rue Julien Baudrand;Bron
Rue Laborde;Bron
Rue Lamartine;Bron
Rue Léo Lagrange;Bron
Rue Léon Bourgeois;Bron
Rue Léon Boyer;Bron
Rue Léon Paviot;Bron
Rue Lionel Terray;Bron
Rue Louis;Bron
Rue Louis Ailloud;Bron
Rue Louis Blanc;Bron
Rue Louis Maggiorini;Bron
Rue Louis Pergaud;Bron
Rue Louis Plantier;Bron
Rue Maréchal Leclerc;Bron
Rue Marcel Bramet;Bron
Rue Marcel Sembat;Bron
Rue Marie;Bron
Rue Martin;Bron
Rue Maryse Bastié;Bron
Rue Michel Lacroix;Bron
Rue Neuve des Essarts;Bron
Rue Nungesser et Coli;Bron
Rue Paul Bellemain;Bron
Rue Paul Pic;Bron
Rue Paul Rade;Bron
Rue Payan;Bron
Rue Pétetin;Bron
Rue Philippe Goy;Bron
Rue Pierre Bourdan;Bron
Rue Pierre Curie;Bron
Rue Pierre David;Bron
Rue Roger Salengro;Bron
Rue Romain Rolland;Bron
Rue du Sergent Buttin;Bron
Rue Saint Denis;Bron
Rue Saint Jean;Bron
Rue Villard;Bron
Rue Wilson;Bron
Rue Youri Gagarine;Bron
Square Ampère;Bron
Square de Cumbernauld;Bron
Square Grimma;Bron
Square Martin Luther King;Bron
Square Normandie Niémen;Bron
Square Laurent Bonnevay;Bron
Avenue du 11 Novembre 1918;Cailloux-sur-Fontaines
Chemin de Bellevue;Cailloux-sur-Fontaines
Chemin de Four;Cailloux-sur-Fontaines
Chemin de la Dangereuse;Cailloux-sur-Fontaines
Chemin des Diligences;Cailloux-sur-Fontaines
Chemin des Eaux;Cailloux-sur-Fontaines
Chemin des Eglantines;Cailloux-sur-Fontaines
Chemin des Grandes Côtes;Cailloux-sur-Fontaines
Chemin du Riveau;Cailloux-sur-Fontaines
Chemin de Bargassin;Cailloux-sur-Fontaines
Chemin du Bois Bouchet;Cailloux-sur-Fontaines